Workbook

Sheet Budget_Estimate
A1: Project Budget Estimate
A2: Scenario: Secure Infrastructure Design, Deployment, Defense and Assessment for a Remote-first Startup
A4: Control Inputs
A5: People cost per day (€) | B5: =Assumptions!B5 -> 300
A6: Project duration (days) | B6: =Assumptions!B6 -> 10
A7: Contingency rate | B7: =Assumptions!B7 -> 0.1
A9: People Budget
A10: Workstream | B10: Owner / Role | C10: Days | D10: Rate (€ / day) | E10: Cost (€) | F10: Notes
A11: Architecture & technical specification | B11: Project lead / architect | C11: 2 | D11: =$B$5 -> 300 | E11: =C11*D11 -> 600 | F11: Context, PRD, architecture, risks, controls
A12: Core infrastructure deployment | B12: System & services admin | C12: 3 | D12: =$B$5 -> 300 | E12: =C12*D12 -> 900 | F12: AD/IAM, web, DB, file-sharing
A13: Network security & remote access | B13: Security admin | C13: 1.5 | D13: =$B$5 -> 300 | E13: =C13*D13 -> 450 | F13: Firewall, exposure control, VPN
A14: Monitoring, backup & validation | B14: Resilience owner | C14: 1.5 | D14: =$B$5 -> 300 | E14: =C14*D14 -> 450 | F14: Monitoring, backups, proof collection
A15: Blue Team / Red Team documentation | B15: Security analyst | C15: 1 | D15: =$B$5 -> 300 | E15: =C15*D15 -> 300
A16: Project management & presentation | B16: Project lead | C16: 1 | D16: =$B$5 -> 300 | E16: =C16*D16 -> 300 | F16: Kanban, budget, roadmap, final deck
A17: Total people cost | E17: =SUM(E11:E16) -> 3000
A19: One-time Setup and Tools
A20: Item | B20: Category | C20: Quantity | D20: Unit Cost (€) | E20: Cost (€) | F20: Notes
A21: VM / hypervisor base images | B21: Lab setup | C21: 1 | D21: 0 | E21: =C21*D21 -> 0 | F21: Uses existing lab or local virtualization
A22: Public domain / DNS setup | B22: Internet-facing setup | C22: 1 | D22: 15 | E22: =C22*D22 -> 15 | F22: Illustrative one-time registration/setup cost
A23: Presentation / documentation assets | B23: Delivery material | C23: 1 | D23: 0 | E23: =C23*D23 -> 0 | F23: Assumes internal tooling
A24: Contingency base for misc. setup | B24: Miscellaneous | C24: 1 | D24: 50 | E24: =C24*D24 -> 50
A25: Total one-time setup cost | E25: =SUM(E21:E24) -> 65
A27: Initial Project Budget Summary
A28: People cost | E28: =E17 -> 3000
A29: One-time setup cost | E29: =E25 -> 65
A30: Contingency | E30: =ROUND((E17+E25)*$B$7,0) -> 307
A31: Total initial project budget | E31: =SUM(E28:E30) -> 3372
A33: Estimated Monthly Run-Rate
A34: Item | B34: Source | C34: Monthly Cost (€) | D34: Annualized (€) | E34: Type | F34: Notes
A35: Cloud / hosting | B35: =Assumptions!D8 -> Internal project assumption | C35: =Assumptions!B8 -> 60 | D35: =C35*12 -> 720 | E35: Recurring | F35: Infrastructure hosting estimate
A36: Domain / DNS / certificates | B36: =Assumptions!D9 -> Internal project assumption | C36: =Assumptions!B9 -> 15 | D36: =C36*12 -> 180 | E36: Recurring | F36: Internet-facing service estimate
A37: Monitoring / logging | B37: =Assumptions!D10 -> Internal project assumption | C37: =Assumptions!B10 -> 0 | D37: =C37*12 -> 0 | E37: Recurring | F37: Assumes open-source self-hosting
A38: Backup storage | B38: =Assumptions!D11 -> Internal project assumption | C38: =Assumptions!B11 -> 20 | D38: =C38*12 -> 240 | E38: Recurring | F38: Protected backup storage estimate
A39: Total monthly run-rate | C39: =SUM(C35:C38) -> 95 | D39: =SUM(D35:D38) -> 1140
A41: Assumptions and notes
A42: • This budget is an illustrative SME-scale estimate for the CYBFS final project and should be adjusted to the actual lab, hosting, and team context.
A43: • People cost uses the project guide example of 300€/day as a simulation baseline. Source noted in Assumptions sheet.
A44: • Recurring monthly costs are simplified placeholders intended to show budget logic and trends rather than audited vendor pricing.

Sheet Assumptions
A1: Budget Assumptions
A2: All cost assumptions below are editable inputs for the project budget.
A4: Assumption | B4: Value | C4: Explanation | D4: Source
A5: People cost per day (€) | B5: 300 | C5: Guideline from project material for simulated man-day cost. | D5: https://www.jedha.co/
A6: Project duration (days) | B6: 10 | C6: Final project indicative duration in the brief. | D6: https://www.jedha.co/
A7: Contingency rate | B7: 0.1 | C7: Project buffer for unexpected effort and minor tooling costs. | D7: Internal project assumption
A8: Cloud / hosting monthly estimate (€) | B8: 60 | C8: Illustrative SME-scale monthly infrastructure estimate. | D8: Internal project assumption
A9: Domain / DNS / certificates monthly estimate (€) | B9: 15 | C9: Illustrative recurring internet-facing service estimate. | D9: Internal project assumption
A10: Monitoring / logging monthly estimate (€) | B10: 0 | C10: Assumes open-source stack, self-hosted for MVP. | D10: Internal project assumption
A11: Backup storage monthly estimate (€) | B11: 20 | C11: Illustrative storage estimate for protected backups. | D11: Internal project assumption

Sheet Summary
A1: Budget Summary
A3: Metric | B3: Value
A4: One-time people cost | B4: =Budget_Estimate!E17 -> 3000
A5: One-time infrastructure setup | B5: =Budget_Estimate!E25 -> 65
A6: Contingency | B6: =Budget_Estimate!E30 -> 307
A7: Total initial project budget | B7: =Budget_Estimate!E31 -> 3372
A8: Estimated monthly run-rate | B8: =Budget_Estimate!C39 -> 95
A9: Estimated annual run-rate | B9: =Budget_Estimate!D39 -> 1140
A10: Notes
A11: • Initial budget includes people cost, one-time setup items, and contingency.
A12: • Run-rate estimates represent a simple monthly operating view for the MVP environment.
A13: • Values are illustrative and should be adjusted to match actual tooling, hosting, and team choices.
